,hostname,end_to_end_time
0,https://google.com,6.323208
1,https://google.com,6.3587456
2,https://google.com,7.017906499999999
3,https://google.com,6.6334084
4,https://google.com,6.639052100000001
5,https://google.com,6.48885425
6,https://google.com,6.474880850000001
7,https://google.com,6.5617399999999995
8,https://google.com,6.413321150000001
9,https://google.com,6.605821799999999
10,https://youtube.com,9.168256000000001
11,https://youtube.com,8.702492499999998
12,https://youtube.com,9.717614300000001
13,https://youtube.com,8.888448300000002
14,https://youtube.com,9.754444900000003
15,https://youtube.com,9.882605850000001
16,https://youtube.com,9.840522700000001
17,https://youtube.com,9.787888899999999
18,https://youtube.com,9.6205883
19,https://youtube.com,9.4782744
20,https://facebook.com,2.950423
21,https://facebook.com,2.9366261
22,https://facebook.com,2.9736387000000004
23,https://facebook.com,2.9829129
24,https://facebook.com,2.9423795999999998
25,https://facebook.com,2.9562647999999996
26,https://facebook.com,2.9456002000000003
27,https://facebook.com,2.9396051999999995
28,https://facebook.com,2.9426691000000007
29,https://facebook.com,2.9394199
30,https://amazon.com,7.667775000000002
31,https://amazon.com,7.555711000000001
32,https://amazon.com,7.3447846000000006
33,https://amazon.com,10.8632394
34,https://amazon.com,6.620127
35,https://amazon.com,8.625808600000001
36,https://amazon.com,9.204837
37,https://amazon.com,8.648618999999998
38,https://amazon.com,6.8625370000000006
39,https://amazon.com,6.858732949999999
40,https://yahoo.com,8.305493499999997
41,https://yahoo.com,3.0939547000000003
42,https://yahoo.com,4.3310993
43,https://yahoo.com,2.2062277999999997
44,https://yahoo.com,2.2104584
45,https://yahoo.com,2.2216808
46,https://yahoo.com,2.205624
47,https://yahoo.com,2.2430303999999994
48,https://yahoo.com,2.1873465999999997
49,https://yahoo.com,2.2026768000000003
50,https://twitter.com,7.52202
51,https://twitter.com,8.025155099999997
52,https://twitter.com,7.250644700000002
53,https://twitter.com,7.578271399999998
54,https://twitter.com,7.5524612000000015
55,https://twitter.com,7.548129300000001
56,https://twitter.com,7.2484926
57,https://twitter.com,7.244808699999998
58,https://twitter.com,7.2510973000000005
59,https://twitter.com,7.253579700000001
60,https://instagram.com,6.257705
61,https://instagram.com,6.248321500000001
62,https://instagram.com,6.247330600000001
63,https://instagram.com,6.2667181
64,https://instagram.com,6.2749196
65,https://instagram.com,6.292908600000001
66,https://instagram.com,6.2551949
67,https://instagram.com,6.233216600000001
68,https://instagram.com,6.253816499999999
69,https://instagram.com,7.873118550000001
70,https://wikipedia.com,2.0349730000000004
71,https://wikipedia.com,1.8145063
72,https://wikipedia.com,2.2230034
73,https://wikipedia.com,1.8987887999999997
74,https://wikipedia.com,1.9026136000000002
75,https://wikipedia.com,2.0065599
76,https://wikipedia.com,1.8932644
77,https://wikipedia.com,1.8988190000000003
78,https://wikipedia.com,1.8966528
79,https://wikipedia.com,1.8028578000000002
80,https://reddit.com,10.4225575
81,https://reddit.com,9.8434941
82,https://reddit.com,10.137504999999997
83,https://reddit.com,10.29854375
84,https://reddit.com,10.738179500000005
85,https://reddit.com,9.84874485
86,https://reddit.com,9.4877381
87,https://reddit.com,11.9645944
88,https://reddit.com,9.566801100000001
89,https://reddit.com,10.3491606
90,https://discord.com,18.327841999999997
91,https://discord.com,17.182048199999997
92,https://discord.com,17.195567699999998
93,https://discord.com,17.29661480000001
94,https://discord.com,17.18733070000002
95,https://discord.com,17.20360365
96,https://discord.com,17.282191499999993
97,https://discord.com,17.200536700000004
98,https://discord.com,17.14512250000002
99,https://discord.com,17.201498899999997
